date,daily_pnl,daily_return,cumulative_pnl,cumulative_return
2011-06-16,,,0.0,0.0
2011-06-17,,,0.0,0.0
2011-06-23,,,0.0,0.0
2011-06-24,-249840.62467939637,-0.24984062467939636,-249840.6246793964,-0.24984062467939638
2011-06-30,,,-249840.6246793964,-0.24984062467939638
2011-07-01,-249925.76426091802,-0.24992576426091803,-437324.7798738911,-0.43732477987389107
2011-07-14,,,-437324.7798738911,-0.43732477987389107
2011-07-15,,,-437324.7798738911,-0.43732477987389107
2011-07-28,-249330.11392500278,-0.2493301139250028,-577616.6566107098,-0.5776166566107098
2011-07-29,,,-577616.6566107098,-0.5776166566107098
2011-08-04,,,-577616.6566107098,-0.5776166566107098
2011-08-05,1241399.174203976,1.241399174203976,-53270.32292973055,-0.05327032292973055
2011-08-18,,,-53270.32292973055,-0.05327032292973055
2011-08-19,,,-53270.32292973055,-0.05327032292973055
2011-08-25,,,-53270.32292973055,-0.05327032292973055
2011-08-26,-249251.93440612577,-0.24925193440612578,-289244.5262991821,-0.28924452629918207
2011-09-01,,,-289244.5262991821,-0.28924452629918207
2011-09-02,,,-289244.5262991821,-0.28924452629918207
2011-09-15,,,-289244.5262991821,-0.28924452629918207
2011-09-16,,,-289244.5262991821,-0.28924452629918207
2011-09-29,387272.6285358384,0.3872726285358384,-13988.385752831457,-0.013988385752831456
2011-09-30,,,-13988.385752831457,-0.013988385752831456
2011-10-06,,,-13988.385752831457,-0.013988385752831456
2011-10-07,-249872.63908270173,-0.24987263908270174,-260365.7099709663,-0.2603657099709663
2011-10-20,,,-260365.7099709663,-0.2603657099709663
2011-10-21,,,-260365.7099709663,-0.2603657099709663
2011-10-27,,,-260365.7099709663,-0.2603657099709663
2011-10-28,437470.0147497911,0.43747001474979114,63202.1137974863,0.0632021137974863
2011-11-03,,,63202.1137974863,0.0632021137974863
2011-11-04,,,63202.1137974863,0.0632021137974863
2011-11-17,,,63202.1137974863,0.0632021137974863
2011-11-18,,,63202.1137974863,0.0632021137974863
2011-11-23,,,63202.1137974863,0.0632021137974863
2011-11-25,,,63202.1137974863,0.0632021137974863
2011-12-01,,,63202.1137974863,0.0632021137974863
2011-12-02,711676.8761579271,0.7116768761579271,819858.4728693863,0.8198584728693863
2011-12-15,,,819858.4728693863,0.8198584728693863
2011-12-16,,,819858.4728693863,0.8198584728693863
2011-12-29,,,819858.4728693863,0.8198584728693863
2011-12-30,,,819858.4728693863,0.8198584728693863
2012-01-05,,,819858.4728693863,0.8198584728693863
2012-01-06,,,819858.4728693863,0.8198584728693863
2012-01-19,,,819858.4728693863,0.8198584728693863
2012-01-20,,,819858.4728693863,0.8198584728693863
2012-01-26,,,819858.4728693863,0.8198584728693863
2012-01-27,947590.640791934,0.947590640791934,2544339.3293263186,2.5443393293263186
2012-02-02,,,2544339.3293263186,2.5443393293263186
2012-02-03,,,2544339.3293263186,2.5443393293263186
2012-02-16,,,2544339.3293263186,2.5443393293263186
2012-02-17,,,2544339.3293263186,2.5443393293263186
2012-02-23,,,2544339.3293263186,2.5443393293263186
2012-02-24,,,2544339.3293263186,2.5443393293263186
2012-03-01,,,2544339.3293263186,2.5443393293263186
2012-03-02,681970.6820676391,0.6819706820676391,4961474.839226146,4.961474839226146
2012-03-15,,,4961474.839226146,4.961474839226146
2012-03-16,,,4961474.839226146,4.961474839226146
2012-04-05,763138.9537694607,0.7631389537694606,9510908.510956151,9.51090851095615
2012-04-19,,,9510908.510956151,9.51090851095615
2012-04-20,,,9510908.510956151,9.51090851095615
2012-04-26,,,9510908.510956151,9.51090851095615
2012-04-27,,,9510908.510956151,9.51090851095615
2012-05-03,,,9510908.510956151,9.51090851095615
2012-05-04,-249890.0175143322,-0.2498900175143322,6884337.399061775,6.884337399061775
2012-05-17,,,6884337.399061775,6.884337399061775
2012-05-18,,,6884337.399061775,6.884337399061775
2012-05-24,,,6884337.399061775,6.884337399061775
2012-05-25,,,6884337.399061775,6.884337399061775
2012-05-31,,,6884337.399061775,6.884337399061775
2012-06-01,,,6884337.399061775,6.884337399061775
2012-06-13,,,6884337.399061775,6.884337399061775
2012-06-14,,,6884337.399061775,6.884337399061775
2012-06-15,,,6884337.399061775,6.884337399061775
2012-06-27,,,6884337.399061775,6.884337399061775
2012-06-28,,,6884337.399061775,6.884337399061775
2012-06-29,,,6884337.399061775,6.884337399061775
2012-07-05,,,6884337.399061775,6.884337399061775
2012-07-06,607990.3425526216,0.6079903425526216,11677938.39511779,11.67793839511779
2012-07-18,,,11677938.39511779,11.67793839511779
2012-07-19,,,11677938.39511779,11.67793839511779
2012-07-20,,,11677938.39511779,11.67793839511779
2012-07-25,-249583.20183105455,-0.24958320183105456,8513737.93784743,8.51373793784743
2012-07-26,,,8513737.93784743,8.51373793784743
2012-07-27,,,8513737.93784743,8.51373793784743
2012-08-01,,,8513737.93784743,8.51373793784743
2012-08-02,,,8513737.93784743,8.51373793784743
2012-08-03,,,8513737.93784743,8.51373793784743
2012-08-15,246673.33980201176,0.24667333980201175,10860523.44897736,10.86052344897736
2012-08-16,,,10860523.44897736,10.86052344897736
2012-08-17,,,10860523.44897736,10.86052344897736
2012-08-29,713295.1227253592,0.7132951227253591,19320576.97810267,19.320576978102668
2012-08-30,,,19320576.97810267,19.320576978102668
2012-08-31,,,19320576.97810267,19.320576978102668
2012-09-05,,,19320576.97810267,19.320576978102668
2012-09-06,,,19320576.97810267,19.320576978102668
2012-09-07,,,19320576.97810267,19.320576978102668
2012-09-26,,,19320576.97810267,19.320576978102668
2012-09-27,,,19320576.97810267,19.320576978102668
2012-09-28,,,19320576.97810267,19.320576978102668
2012-10-03,,,19320576.97810267,19.320576978102668
2012-10-04,,,19320576.97810267,19.320576978102668
2012-10-05,,,19320576.97810267,19.320576978102668
2012-10-17,996587.270257545,0.996587270257545,39571805.31876832,39.57180531876832
2012-10-18,,,39571805.31876832,39.57180531876832
2012-10-19,,,39571805.31876832,39.57180531876832
2012-10-24,,,39571805.31876832,39.57180531876832
2012-10-25,,,39571805.31876832,39.57180531876832
2012-10-26,,,39571805.31876832,39.57180531876832
2012-10-31,,,39571805.31876832,39.57180531876832
2012-11-01,,,39571805.31876832,39.57180531876832
2012-11-02,,,39571805.31876832,39.57180531876832
2012-11-14,,,39571805.31876832,39.57180531876832
2012-11-15,,,39571805.31876832,39.57180531876832
2012-11-16,,,39571805.31876832,39.57180531876832
2012-11-28,,,39571805.31876832,39.57180531876832
2012-11-29,,,39571805.31876832,39.57180531876832
2012-11-30,,,39571805.31876832,39.57180531876832
2012-12-05,,,39571805.31876832,39.57180531876832
2012-12-06,,,39571805.31876832,39.57180531876832
2012-12-07,,,39571805.31876832,39.57180531876832
2012-12-19,,,39571805.31876832,39.57180531876832
2012-12-20,,,39571805.31876832,39.57180531876832
2012-12-21,,,39571805.31876832,39.57180531876832
2012-12-26,,,39571805.31876832,39.57180531876832
2012-12-27,,,39571805.31876832,39.57180531876832
2012-12-28,,,39571805.31876832,39.57180531876832
2013-01-02,,,39571805.31876832,39.57180531876832
2013-01-03,,,39571805.31876832,39.57180531876832
2013-01-04,245039.1249158121,0.24503912491581212,49513484.990334,49.513484990334
2013-01-16,,,49513484.990334,49.513484990334
2013-01-17,,,49513484.990334,49.513484990334
2013-01-18,,,49513484.990334,49.513484990334
2013-01-23,,,49513484.990334,49.513484990334
2013-01-24,,,49513484.990334,49.513484990334
2013-01-25,-106077.58796088878,-0.10607758796088877,44155136.343060814,44.15513634306081
2013-01-30,,,44155136.343060814,44.15513634306081
2013-01-31,,,44155136.343060814,44.15513634306081
2013-02-01,,,44155136.343060814,44.15513634306081
2013-02-13,517190.65267156175,0.5171906526715617,67508950.77980179,67.5089507798018
2013-02-14,,,67508950.77980179,67.5089507798018
2013-02-15,,,67508950.77980179,67.5089507798018
2013-02-20,,,67508950.77980179,67.5089507798018
2013-02-21,,,67508950.77980179,67.5089507798018
2013-02-22,272449.86697515525,0.2724498669751553,86174205.30636625,86.17420530636625
2013-02-27,,,86174205.30636625,86.17420530636625
2013-02-28,,,86174205.30636625,86.17420530636625
2013-03-01,,,86174205.30636625,86.17420530636625
2013-03-13,,,86174205.30636625,86.17420530636625
2013-03-14,,,86174205.30636625,86.17420530636625
2013-03-15,,,86174205.30636625,86.17420530636625
2013-03-27,605137.0753107228,0.6051370753107228,138926548.9479972,138.92654894799722
2013-03-28,,,138926548.9479972,138.92654894799722
2013-04-03,-249704.71100969915,-0.24970471100969915,103986230.48035304,103.98623048035304
2013-04-04,,,103986230.48035304,103.98623048035304
2013-04-05,,,103986230.48035304,103.98623048035304
2013-04-17,,,103986230.48035304,103.98623048035304
2013-04-18,,,103986230.48035304,103.98623048035304
2013-04-19,,,103986230.48035304,103.98623048035304
2013-04-24,,,103986230.48035304,103.98623048035304
2013-04-25,,,103986230.48035304,103.98623048035304
2013-04-26,,,103986230.48035304,103.98623048035304
2013-05-01,,,103986230.48035304,103.98623048035304
2013-05-02,,,103986230.48035304,103.98623048035304
2013-05-03,,,103986230.48035304,103.98623048035304
2013-05-15,-249958.73800745813,-0.24995873800745813,77744004.80132386,77.74400480132385
2013-05-16,,,77744004.80132386,77.74400480132385
2013-05-17,,,77744004.80132386,77.74400480132385
2013-05-29,,,77744004.80132386,77.74400480132385
2013-05-30,,,77744004.80132386,77.74400480132385
2013-05-31,,,77744004.80132386,77.74400480132385
2013-06-05,,,77744004.80132386,77.74400480132385
2013-06-06,,,77744004.80132386,77.74400480132385
2013-06-07,,,77744004.80132386,77.74400480132385
2013-06-26,-249376.7652610823,-0.2493767652610823,58107079.600266576,58.10707960026657
2013-06-27,,,58107079.600266576,58.10707960026657
2013-06-28,,,58107079.600266576,58.10707960026657
2013-07-03,,,58107079.600266576,58.10707960026657
2013-07-05,,,58107079.600266576,58.10707960026657
2013-07-17,,,58107079.600266576,58.10707960026657
2013-07-18,,,58107079.600266576,58.10707960026657
2013-07-19,,,58107079.600266576,58.10707960026657
2013-07-24,,,58107079.600266576,58.10707960026657
2013-07-25,,,58107079.600266576,58.10707960026657
2013-07-26,957192.8427822273,0.9571928427822273,114683953.15140113,114.68395315140113
2013-07-31,,,114683953.15140113,114.68395315140113
2013-08-01,,,114683953.15140113,114.68395315140113
2013-08-02,,,114683953.15140113,114.68395315140113
2013-08-14,-249602.35933726543,-0.24960235933726543,85808965.50734973,85.80896550734973
2013-08-15,,,85808965.50734973,85.80896550734973
2013-08-16,,,85808965.50734973,85.80896550734973
2013-08-28,,,85808965.50734973,85.80896550734973
2013-08-29,,,85808965.50734973,85.80896550734973
2013-08-30,,,85808965.50734973,85.80896550734973
2013-09-04,,,85808965.50734973,85.80896550734973
2013-09-05,,,85808965.50734973,85.80896550734973
2013-09-06,,,85808965.50734973,85.80896550734973
2013-09-18,,,85808965.50734973,85.80896550734973
2013-09-19,,,85808965.50734973,85.80896550734973
2013-09-20,,,85808965.50734973,85.80896550734973
2013-09-25,,,85808965.50734973,85.80896550734973
2013-09-26,,,85808965.50734973,85.80896550734973
2013-09-27,,,85808965.50734973,85.80896550734973
2013-10-02,,,85808965.50734973,85.80896550734973
2013-10-03,,,85808965.50734973,85.80896550734973
2013-10-04,,,85808965.50734973,85.80896550734973
2013-10-16,,,85808965.50734973,85.80896550734973
2013-10-17,,,85808965.50734973,85.80896550734973
2013-10-18,,,85808965.50734973,85.80896550734973
2013-10-23,,,85808965.50734973,85.80896550734973
2013-10-24,,,85808965.50734973,85.80896550734973
2013-10-25,22414.512825112637,0.022414512825112635,87754746.17804897,87.75474617804896
2013-10-30,,,87754746.17804897,87.75474617804896
2013-10-31,,,87754746.17804897,87.75474617804896
2013-11-01,,,87754746.17804897,87.75474617804896
2013-11-13,,,87754746.17804897,87.75474617804896
2013-11-14,,,87754746.17804897,87.75474617804896
2013-11-15,,,87754746.17804897,87.75474617804896
2013-11-27,181420.2559482254,0.1814202559482254,103856654.94629039,103.85665494629039
2013-11-29,,,103856654.94629039,103.85665494629039
2013-12-04,,,103856654.94629039,103.85665494629039
2013-12-05,,,103856654.94629039,103.85665494629039
2013-12-06,,,103856654.94629039,103.85665494629039
2013-12-18,,,103856654.94629039,103.85665494629039
2013-12-19,,,103856654.94629039,103.85665494629039
2013-12-20,,,103856654.94629039,103.85665494629039
2013-12-26,-249808.73907416832,-0.2498087390741683,77662546.19062243,77.66254619062244
2013-12-27,,,77662546.19062243,77.66254619062244
2014-01-02,,,77662546.19062243,77.66254619062244
2014-01-03,385259.8940412562,0.3852598940412562,107968070.40103705,107.96807040103705
2014-01-15,,,107968070.40103705,107.96807040103705
2014-01-16,,,107968070.40103705,107.96807040103705
2014-01-17,,,107968070.40103705,107.96807040103705
2014-01-29,-249809.85980505345,-0.24980985980505344,80746772.01092678,80.74677201092679
2014-01-30,,,80746772.01092678,80.74677201092679
2014-01-31,,,80746772.01092678,80.74677201092679
2014-02-05,,,80746772.01092678,80.74677201092679
2014-02-06,,,80746772.01092678,80.74677201092679
2014-02-07,-98078.78610032175,-0.09807878610032175,72729147.84447533,72.72914784447534
2014-02-26,,,72729147.84447533,72.72914784447534
2014-02-27,,,72729147.84447533,72.72914784447534
2014-02-28,,,72729147.84447533,72.72914784447534
2014-03-05,,,72729147.84447533,72.72914784447534
2014-03-06,,,72729147.84447533,72.72914784447534
2014-03-07,,,72729147.84447533,72.72914784447534
2014-03-19,,,72729147.84447533,72.72914784447534
2014-03-20,,,72729147.84447533,72.72914784447534
2014-03-21,,,72729147.84447533,72.72914784447534
2014-03-26,,,72729147.84447533,72.72914784447534
2014-03-27,,,72729147.84447533,72.72914784447534
2014-03-28,,,72729147.84447533,72.72914784447534
2014-04-02,,,72729147.84447533,72.72914784447534
2014-04-03,,,72729147.84447533,72.72914784447534
2014-04-04,,,72729147.84447533,72.72914784447534
2014-04-16,,,72729147.84447533,72.72914784447534
2014-04-17,,,72729147.84447533,72.72914784447534
2014-04-23,,,72729147.84447533,72.72914784447534
2014-04-24,,,72729147.84447533,72.72914784447534
2014-04-25,698841.0889775787,0.6988410889775787,124254105.81349738,124.25410581349738
2014-04-30,,,124254105.81349738,124.25410581349738
2014-05-01,,,124254105.81349738,124.25410581349738
2014-05-02,,,124254105.81349738,124.25410581349738
2014-05-14,626256.4320752245,0.6262564320752245,202695295.2230309,202.69529522303088
2014-05-15,,,202695295.2230309,202.69529522303088
2014-05-16,,,202695295.2230309,202.69529522303088
2014-05-28,-249712.94210709436,-0.24971294210709435,151829943.75951466,151.82994375951466
2014-05-29,,,151829943.75951466,151.82994375951466
2014-05-30,,,151829943.75951466,151.82994375951466
2014-06-04,,,151829943.75951466,151.82994375951466
2014-06-05,,,151829943.75951466,151.82994375951466
2014-06-06,-230400.93831755867,-0.23040093831755867,116617781.31430276,116.61778131430276
2014-06-18,,,116617781.31430276,116.61778131430276
2014-06-19,,,116617781.31430276,116.61778131430276
2014-06-20,,,116617781.31430276,116.61778131430276
2014-07-02,179616.07577746766,0.17961607577746766,137743825.63563016,137.74382563563017
2014-07-03,,,137743825.63563016,137.74382563563017
2014-07-16,750448.4742950514,0.7504484742950515,241863917.9017475,241.8639179017475
2014-07-17,,,241863917.9017475,241.8639179017475
2014-07-18,,,241863917.9017475,241.8639179017475
2014-07-23,,,241863917.9017475,241.8639179017475
2014-07-24,,,241863917.9017475,241.8639179017475
2014-07-25,-140999.00507334335,-0.14099900507334334,207620347.10938695,207.62034710938696
2014-07-30,,,207620347.10938695,207.62034710938696
2014-07-31,,,207620347.10938695,207.62034710938696
2014-08-01,,,207620347.10938695,207.62034710938696
2014-08-13,-249650.4929991339,-0.2496504929991339,155538174.60387808,155.53817460387808
2014-08-14,,,155538174.60387808,155.53817460387808
2014-08-15,,,155538174.60387808,155.53817460387808
2014-08-27,,,155538174.60387808,155.53817460387808
2014-08-28,,,155538174.60387808,155.53817460387808
2014-08-29,,,155538174.60387808,155.53817460387808
2014-09-03,,,155538174.60387808,155.53817460387808
2014-09-04,,,155538174.60387808,155.53817460387808
2014-09-05,624834.2964953275,0.6248342964953275,253348594.80715495,253.34859480715497
2014-09-17,,,253348594.80715495,253.34859480715497
2014-09-18,,,253348594.80715495,253.34859480715497
2014-09-19,,,253348594.80715495,253.34859480715497
2014-09-24,,,253348594.80715495,253.34859480715497
2014-09-25,-249696.50825735444,-0.24969650825735443,189838638.8036437,189.8386388036437
2014-09-26,,,189838638.8036437,189.8386388036437
2014-10-01,,,189838638.8036437,189.8386388036437
2014-10-02,,,189838638.8036437,189.8386388036437
2014-10-03,,,189838638.8036437,189.8386388036437
2014-10-15,1194983.272611028,1.194983272611028,417887619.9418558,417.8876199418558
2014-10-16,,,417887619.9418558,417.8876199418558
2014-10-17,,,417887619.9418558,417.8876199418558
2014-10-29,1056769.5178208495,1.0567695178208496,860555288.088934,860.5552880889339
2014-10-30,,,860555288.088934,860.5552880889339
2014-10-31,,,860555288.088934,860.5552880889339
2014-11-05,,,860555288.088934,860.5552880889339
2014-11-06,,,860555288.088934,860.5552880889339
2014-11-07,,,860555288.088934,860.5552880889339
2014-11-26,,,860555288.088934,860.5552880889339
2014-11-28,,,860555288.088934,860.5552880889339
2014-12-03,,,860555288.088934,860.5552880889339
2014-12-04,,,860555288.088934,860.5552880889339
2014-12-05,,,860555288.088934,860.5552880889339
2014-12-17,,,860555288.088934,860.5552880889339
2014-12-18,,,860555288.088934,860.5552880889339
2014-12-19,,,860555288.088934,860.5552880889339
2014-12-24,,,860555288.088934,860.5552880889339
2014-12-26,580998.7718804897,0.5809987718804897,1361117852.375746,1361.117852375746
2014-12-31,,,1361117852.375746,1361.117852375746
2015-01-02,,,1361117852.375746,1361.117852375746
2015-01-14,214003.35085961423,0.21400335085961422,1652615637.049857,1652.615637049857
2015-01-15,,,1652615637.049857,1652.615637049857
2015-01-16,,,1652615637.049857,1652.615637049857
2015-01-28,-249858.08050186918,-0.24985808050186917,1239446408.088704,1239.4464080887042
2015-01-29,,,1239446408.088704,1239.4464080887042
2015-01-30,,,1239446408.088704,1239.4464080887042
2015-02-04,,,1239446408.088704,1239.4464080887042
2015-02-05,,,1239446408.088704,1239.4464080887042
2015-02-06,47796.649714416024,0.04779664971441602,1298735590.5456254,1298.7355905456254
2015-02-25,,,1298735590.5456254,1298.7355905456254
2015-02-26,,,1298735590.5456254,1298.7355905456254
2015-02-27,,,1298735590.5456254,1298.7355905456254
2015-03-04,,,1298735590.5456254,1298.7355905456254
2015-03-05,,,1298735590.5456254,1298.7355905456254
2015-03-06,,,1298735590.5456254,1298.7355905456254
2015-03-18,,,1298735590.5456254,1298.7355905456254
2015-03-19,,,1298735590.5456254,1298.7355905456254
2015-03-20,,,1298735590.5456254,1298.7355905456254
2015-04-01,,,1298735590.5456254,1298.7355905456254
2015-04-02,,,1298735590.5456254,1298.7355905456254
2015-04-15,,,1298735590.5456254,1298.7355905456254
2015-04-16,,,1298735590.5456254,1298.7355905456254
2015-04-17,,,1298735590.5456254,1298.7355905456254
2015-04-22,,,1298735590.5456254,1298.7355905456254
2015-04-23,,,1298735590.5456254,1298.7355905456254
2015-04-24,,,1298735590.5456254,1298.7355905456254
2015-04-29,,,1298735590.5456254,1298.7355905456254
2015-04-30,,,1298735590.5456254,1298.7355905456254
2015-05-01,,,1298735590.5456254,1298.7355905456254
2015-05-13,,,1298735590.5456254,1298.7355905456254
2015-05-14,,,1298735590.5456254,1298.7355905456254
2015-05-15,,,1298735590.5456254,1298.7355905456254
2015-05-27,,,1298735590.5456254,1298.7355905456254
2015-05-28,,,1298735590.5456254,1298.7355905456254
2015-05-29,,,1298735590.5456254,1298.7355905456254
2015-06-03,,,1298735590.5456254,1298.7355905456254
2015-06-04,,,1298735590.5456254,1298.7355905456254
2015-06-05,,,1298735590.5456254,1298.7355905456254
2015-06-17,,,1298735590.5456254,1298.7355905456254
2015-06-18,,,1298735590.5456254,1298.7355905456254
2015-06-19,,,1298735590.5456254,1298.7355905456254
2015-07-01,,,1298735590.5456254,1298.7355905456254
2015-07-02,,,1298735590.5456254,1298.7355905456254
2015-07-15,-249545.45168942746,-0.24954545168942746,974392485.5260926,974.3924855260926
2015-07-16,,,974392485.5260926,974.3924855260926
2015-07-17,,,974392485.5260926,974.3924855260926
2015-07-29,264906.11910521734,0.26490611910521733,1232779923.4712017,1232.7799234712018
2015-07-30,,,1232779923.4712017,1232.7799234712018
2015-07-31,,,1232779923.4712017,1232.7799234712018
2015-08-05,,,1232779923.4712017,1232.7799234712018
2015-08-06,,,1232779923.4712017,1232.7799234712018
2015-08-07,,,1232779923.4712017,1232.7799234712018
2015-08-19,,,1232779923.4712017,1232.7799234712018
2015-08-20,,,1232779923.4712017,1232.7799234712018
2015-08-21,,,1232779923.4712017,1232.7799234712018
2015-08-26,,,1232779923.4712017,1232.7799234712018
2015-08-27,,,1232779923.4712017,1232.7799234712018
2015-08-28,944289.9190992308,0.9442899190992308,2397825867.592078,2397.8258675920783
2015-09-02,,,2397825867.592078,2397.8258675920783
2015-09-03,,,2397825867.592078,2397.8258675920783
2015-09-04,,,2397825867.592078,2397.8258675920783
2015-09-16,,,2397825867.592078,2397.8258675920783
2015-09-17,,,2397825867.592078,2397.8258675920783
2015-09-18,,,2397825867.592078,2397.8258675920783
2015-09-23,,,2397825867.592078,2397.8258675920783
2015-09-24,,,2397825867.592078,2397.8258675920783
2015-09-25,,,2397825867.592078,2397.8258675920783
2015-09-30,,,2397825867.592078,2397.8258675920783
2015-10-01,-248831.98927736544,-0.24883198927736544,1800921255.0291395,1800.9212550291395
2015-10-02,,,1800921255.0291395,1800.9212550291395
2015-10-14,,,1800921255.0291395,1800.9212550291395
2015-10-15,,,1800921255.0291395,1800.9212550291395
2015-10-16,,,1800921255.0291395,1800.9212550291395
2015-10-28,,,1800921255.0291395,1800.9212550291395
2015-10-29,,,1800921255.0291395,1800.9212550291395
2015-10-30,,,1800921255.0291395,1800.9212550291395
2015-11-04,,,1800921255.0291395,1800.9212550291395
2015-11-05,,,1800921255.0291395,1800.9212550291395
2015-11-06,,,1800921255.0291395,1800.9212550291395
2015-11-18,,,1800921255.0291395,1800.9212550291395
2015-11-19,,,1800921255.0291395,1800.9212550291395
2015-11-20,,,1800921255.0291395,1800.9212550291395
2015-11-25,,,1800921255.0291395,1800.9212550291395
2015-11-27,956991.3294601846,0.9569913294601845,3525344272.4620395,3525.3442724620395
2015-12-02,,,3525344272.4620395,3525.3442724620395
2015-12-03,,,3525344272.4620395,3525.3442724620395
2015-12-04,,,3525344272.4620395,3525.3442724620395
2015-12-30,-249536.1220323453,-0.2495361220323453,2645393997.76089,2645.39399776089
2015-12-31,,,2645393997.76089,2645.39399776089
2016-01-13,,,2645393997.76089,2645.39399776089
2016-01-14,,,2645393997.76089,2645.39399776089
2016-01-15,,,2645393997.76089,2645.39399776089
2016-01-27,-249955.56170604628,-0.24995556170604627,1983913099.5550575,1983.9130995550574
2016-01-28,,,1983913099.5550575,1983.9130995550574
2016-01-29,,,1983913099.5550575,1983.9130995550574
2016-02-03,,,1983913099.5550575,1983.9130995550574
2016-02-04,,,1983913099.5550575,1983.9130995550574
2016-02-05,-249913.77787408922,-0.24991377787408922,1487855968.0934849,1487.855968093485
2016-02-17,,,1487855968.0934849,1487.855968093485
2016-02-18,,,1487855968.0934849,1487.855968093485
2016-02-19,,,1487855968.0934849,1487.855968093485
2016-02-24,,,1487855968.0934849,1487.855968093485
2016-02-25,,,1487855968.0934849,1487.855968093485
2016-02-26,,,1487855968.0934849,1487.855968093485
2016-03-02,,,1487855968.0934849,1487.855968093485
2016-03-03,,,1487855968.0934849,1487.855968093485
2016-03-04,,,1487855968.0934849,1487.855968093485
2016-03-23,,,1487855968.0934849,1487.855968093485
2016-03-24,,,1487855968.0934849,1487.855968093485
2016-03-30,,,1487855968.0934849,1487.855968093485
2016-03-31,,,1487855968.0934849,1487.855968093485
2016-04-01,,,1487855968.0934849,1487.855968093485
2016-04-13,556187.8080248603,0.5561878080248603,2315939505.4521317,2315.939505452132
2016-04-14,,,2315939505.4521317,2315.939505452132
2016-04-15,,,2315939505.4521317,2315.939505452132
2016-04-27,,,2315939505.4521317,2315.939505452132
2016-04-28,,,2315939505.4521317,2315.939505452132
2016-04-29,,,2315939505.4521317,2315.939505452132
2016-05-04,,,2315939505.4521317,2315.939505452132
2016-05-05,,,2315939505.4521317,2315.939505452132
2016-05-06,,,2315939505.4521317,2315.939505452132
2016-05-18,,,2315939505.4521317,2315.939505452132
2016-05-19,,,2315939505.4521317,2315.939505452132
2016-05-20,,,2315939505.4521317,2315.939505452132
2016-05-25,,,2315939505.4521317,2315.939505452132
2016-05-26,,,2315939505.4521317,2315.939505452132
2016-05-27,,,2315939505.4521317,2315.939505452132
2016-06-01,,,2315939505.4521317,2315.939505452132
2016-06-02,,,2315939505.4521317,2315.939505452132
2016-06-03,661664.1216327599,0.6616641216327599,3848975248.2033577,3848.9752482033578
2016-06-15,,,3848975248.2033577,3848.9752482033578
2016-06-16,,,3848975248.2033577,3848.9752482033578
2016-06-17,,,3848975248.2033577,3848.9752482033578
2016-06-22,-249651.77669126436,-0.24965177669126434,2887822087.271998,2887.822087271998
2016-06-23,,,2887822087.271998,2887.822087271998
2016-06-24,,,2887822087.271998,2887.822087271998
2016-06-29,,,2887822087.271998,2887.822087271998
2016-06-30,,,2887822087.271998,2887.822087271998
2016-07-01,52406.01885334738,0.05240601885334738,3039213752.04154,3039.2137520415404
2016-07-13,,,3039213752.04154,3039.2137520415404
2016-07-14,,,3039213752.04154,3039.2137520415404
2016-07-15,,,3039213752.04154,3039.2137520415404
2016-07-27,503313.16509411373,0.5033131650941137,4569393358.144219,4569.39335814422
2016-07-28,,,4569393358.144219,4569.39335814422
2016-07-29,,,4569393358.144219,4569.39335814422
2016-08-03,,,4569393358.144219,4569.39335814422
2016-08-04,,,4569393358.144219,4569.39335814422
2016-08-05,272608.1553692375,0.2726081553692375,5815319860.81973,5815.31986081973
2016-08-17,,,5815319860.81973,5815.31986081973
2016-08-18,,,5815319860.81973,5815.31986081973
2016-08-19,,,5815319860.81973,5815.31986081973
2016-08-24,,,5815319860.81973,5815.31986081973
2016-08-25,,,5815319860.81973,5815.31986081973
2016-08-26,422073.6157433453,0.4220736157433453,8270235014.795744,8270.235014795744
2016-08-31,,,8270235014.795744,8270.235014795744
2016-09-01,,,8270235014.795744,8270.235014795744
2016-09-02,,,8270235014.795744,8270.235014795744
2016-09-14,-249712.85353366093,-0.24971285353366093,6204801317.003567,6204.8013170035665
2016-09-15,,,6204801317.003567,6204.8013170035665
2016-09-16,,,6204801317.003567,6204.8013170035665
2016-09-28,,,6204801317.003567,6204.8013170035665
2016-09-29,,,6204801317.003567,6204.8013170035665
2016-09-30,,,6204801317.003567,6204.8013170035665
2016-10-05,,,6204801317.003567,6204.8013170035665
2016-10-06,,,6204801317.003567,6204.8013170035665
2016-10-07,,,6204801317.003567,6204.8013170035665
2016-10-19,,,6204801317.003567,6204.8013170035665
2016-10-20,,,6204801317.003567,6204.8013170035665
2016-10-21,,,6204801317.003567,6204.8013170035665
2016-10-26,,,6204801317.003567,6204.8013170035665
2016-10-27,,,6204801317.003567,6204.8013170035665
2016-10-28,,,6204801317.003567,6204.8013170035665
2016-11-02,,,6204801317.003567,6204.8013170035665
2016-11-03,,,6204801317.003567,6204.8013170035665
2016-11-04,,,6204801317.003567,6204.8013170035665
2016-11-16,450959.1194306044,0.4509591194306044,9003364014.28078,9003.36401428078
2016-11-17,,,9003364014.28078,9003.36401428078
2016-11-18,,,9003364014.28078,9003.36401428078
2016-11-23,-249610.36956487375,-0.24961036956487376,6755781384.979505,6755.781384979505
2016-11-25,,,6755781384.979505,6755.781384979505
2016-11-30,-249766.84486246918,-0.24976684486246917,5068161417.02771,5068.16141702771
2016-12-01,,,5068161417.02771,5068.16141702771
2016-12-02,,,5068161417.02771,5068.16141702771
2016-12-14,,,5068161417.02771,5068.16141702771
2016-12-15,,,5068161417.02771,5068.16141702771
2016-12-16,,,5068161417.02771,5068.16141702771
2016-12-28,,,5068161417.02771,5068.16141702771
2016-12-29,,,5068161417.02771,5068.16141702771
2016-12-30,,,5068161417.02771,5068.16141702771
2017-01-04,,,5068161417.02771,5068.16141702771
2017-01-05,,,5068161417.02771,5068.16141702771
2017-01-06,,,5068161417.02771,5068.16141702771
2017-01-18,,,5068161417.02771,5068.16141702771
2017-01-19,,,5068161417.02771,5068.16141702771
2017-01-20,,,5068161417.02771,5068.16141702771
2017-01-25,-249598.4884536436,-0.2495984884536436,3802906389.6100636,3802.9063896100633
2017-01-26,,,3802906389.6100636,3802.9063896100633
2017-01-27,,,3802906389.6100636,3802.9063896100633
2017-02-01,,,3802906389.6100636,3802.9063896100633
2017-02-02,,,3802906389.6100636,3802.9063896100633
2017-02-03,,,3802906389.6100636,3802.9063896100633
2017-02-15,-249800.47416595987,-0.24980047416595988,2852688769.802545,2852.6887698025453
2017-02-16,,,2852688769.802545,2852.6887698025453
2017-02-17,,,2852688769.802545,2852.6887698025453
2017-02-22,,,2852688769.802545,2852.6887698025453
2017-02-23,,,2852688769.802545,2852.6887698025453
2017-02-24,123974.11186494894,0.12397411186494893,3206472300.5777946,3206.4723005777946
2017-03-01,,,3206472300.5777946,3206.4723005777946
2017-03-02,,,3206472300.5777946,3206.4723005777946
2017-03-03,,,3206472300.5777946,3206.4723005777946
2017-03-15,,,3206472300.5777946,3206.4723005777946
2017-03-16,,,3206472300.5777946,3206.4723005777946
2017-03-17,,,3206472300.5777946,3206.4723005777946
2017-03-29,,,3206472300.5777946,3206.4723005777946
2017-03-30,,,3206472300.5777946,3206.4723005777946
2017-03-31,,,3206472300.5777946,3206.4723005777946
2017-04-26,,,3206472300.5777946,3206.4723005777946
2017-04-27,,,3206472300.5777946,3206.4723005777946
2017-04-28,,,3206472300.5777946,3206.4723005777946
2017-05-03,,,3206472300.5777946,3206.4723005777946
2017-05-04,,,3206472300.5777946,3206.4723005777946
2017-05-05,,,3206472300.5777946,3206.4723005777946
2017-05-17,,,3206472300.5777946,3206.4723005777946
2017-05-18,,,3206472300.5777946,3206.4723005777946
2017-05-19,,,3206472300.5777946,3206.4723005777946
2017-05-24,,,3206472300.5777946,3206.4723005777946
2017-05-25,,,3206472300.5777946,3206.4723005777946
2017-05-26,,,3206472300.5777946,3206.4723005777946
2017-05-31,,,3206472300.5777946,3206.4723005777946
2017-06-01,-249928.77485177838,-0.2499287748517784,2404832678.123371,2404.8326781233714
2017-06-02,,,2404832678.123371,2404.8326781233714
2017-06-14,,,2404832678.123371,2404.8326781233714
2017-06-15,,,2404832678.123371,2404.8326781233714
2017-06-16,,,2404832678.123371,2404.8326781233714
2017-06-28,,,2404832678.123371,2404.8326781233714
2017-06-29,,,2404832678.123371,2404.8326781233714
2017-06-30,,,2404832678.123371,2404.8326781233714
2017-07-05,,,2404832678.123371,2404.8326781233714
2017-07-06,,,2404832678.123371,2404.8326781233714
2017-07-07,,,2404832678.123371,2404.8326781233714
2017-07-19,,,2404832678.123371,2404.8326781233714
2017-07-20,,,2404832678.123371,2404.8326781233714
2017-07-21,,,2404832678.123371,2404.8326781233714
2017-07-26,,,2404832678.123371,2404.8326781233714
2017-07-27,,,2404832678.123371,2404.8326781233714
2017-07-28,907729.3102472724,0.9077293102472723,4588677515.606647,4588.677515606647
2017-08-02,,,4588677515.606647,4588.677515606647
2017-08-03,,,4588677515.606647,4588.677515606647
2017-08-04,,,4588677515.606647,4588.677515606647
2017-08-16,,,4588677515.606647,4588.677515606647
2017-08-17,,,4588677515.606647,4588.677515606647
2017-08-18,,,4588677515.606647,4588.677515606647
2017-08-23,,,4588677515.606647,4588.677515606647
2017-08-24,,,4588677515.606647,4588.677515606647
2017-08-25,,,4588677515.606647,4588.677515606647
2017-08-30,,,4588677515.606647,4588.677515606647
2017-08-31,,,4588677515.606647,4588.677515606647
2017-09-01,,,4588677515.606647,4588.677515606647
2017-09-13,-249744.6748491862,-0.24974467484918622,3442429996.808844,3442.429996808844
2017-09-14,,,3442429996.808844,3442.429996808844
2017-09-15,,,3442429996.808844,3442.429996808844
2017-09-27,,,3442429996.808844,3442.429996808844
2017-09-28,,,3442429996.808844,3442.429996808844
2017-09-29,,,3442429996.808844,3442.429996808844
2017-10-04,,,3442429996.808844,3442.429996808844
2017-10-05,,,3442429996.808844,3442.429996808844
2017-10-06,,,3442429996.808844,3442.429996808844
2017-10-18,,,3442429996.808844,3442.429996808844
2017-10-19,,,3442429996.808844,3442.429996808844
2017-10-20,,,3442429996.808844,3442.429996808844
2017-10-25,,,3442429996.808844,3442.429996808844
2017-10-26,,,3442429996.808844,3442.429996808844
2017-10-27,,,3442429996.808844,3442.429996808844
2017-11-01,,,3442429996.808844,3442.429996808844
2017-11-02,,,3442429996.808844,3442.429996808844
2017-11-03,,,3442429996.808844,3442.429996808844
2017-11-15,,,3442429996.808844,3442.429996808844
2017-11-16,,,3442429996.808844,3442.429996808844
2017-11-17,,,3442429996.808844,3442.429996808844
2017-11-22,-249858.98482195626,-0.24985898482195626,2582058073.5007143,2582.0580735007143
2017-11-24,,,2582058073.5007143,2582.0580735007143
2017-11-29,-249813.77638735677,-0.24981377638735677,1936774581.5316503,1936.7745815316503
2017-11-30,,,1936774581.5316503,1936.7745815316503
2017-12-01,,,1936774581.5316503,1936.7745815316503
2017-12-13,-249968.51535682034,-0.24996851535682033,1452391946.29,1452.3919462899999
2017-12-14,,,1452391946.29,1452.3919462899999
2017-12-15,,,1452391946.29,1452.3919462899999
2017-12-27,,,1452391946.29,1452.3919462899999
2017-12-28,,,1452391946.29,1452.3919462899999
2017-12-29,,,1452391946.29,1452.3919462899999
2018-01-03,,,1452391946.29,1452.3919462899999
2018-01-04,,,1452391946.29,1452.3919462899999
2018-01-05,,,1452391946.29,1452.3919462899999
2018-01-17,,,1452391946.29,1452.3919462899999
2018-01-18,,,1452391946.29,1452.3919462899999
2018-01-19,,,1452391946.29,1452.3919462899999
2018-01-24,,,1452391946.29,1452.3919462899999
2018-01-25,,,1452391946.29,1452.3919462899999
2018-01-26,408780.10546946595,0.40878010546946597,2046509659.3828986,2046.5096593828985
2018-01-31,,,2046509659.3828986,2046.5096593828985
2018-02-01,,,2046509659.3828986,2046.5096593828985
2018-02-02,,,2046509659.3828986,2046.5096593828985
2018-02-14,1859405.4247756803,1.8594054247756804,5853660227.3200655,5853.660227320065
2018-02-15,,,5853660227.3200655,5853.660227320065
2018-02-16,,,5853660227.3200655,5853.660227320065
2018-02-21,,,5853660227.3200655,5853.660227320065
2018-02-22,,,5853660227.3200655,5853.660227320065
2018-02-23,203300.96445022794,0.20330096445022794,7043918298.062625,7043.918298062625
2018-02-28,,,7043918298.062625,7043.918298062625
2018-03-01,,,7043918298.062625,7043.918298062625
2018-03-02,,,7043918298.062625,7043.918298062625
2018-03-14,100939.21643326362,0.10093921643326362,7755026830.905427,7755.026830905427
2018-03-15,,,7755026830.905427,7755.026830905427
2018-03-16,,,7755026830.905427,7755.026830905427
2018-03-28,2669711.5115456968,2.669711511545697,28461380945.230934,28461.380945230936
2018-03-29,,,28461380945.230934,28461.380945230936
2018-04-04,,,28461380945.230934,28461.380945230936
2018-04-05,,,28461380945.230934,28461.380945230936
2018-04-06,-249972.16552295926,-0.24997216552295926,21346577944.412148,21346.577944412147
2018-04-18,,,21346577944.412148,21346.577944412147
2018-04-19,,,21346577944.412148,21346.577944412147
2018-04-20,,,21346577944.412148,21346.577944412147
2018-04-25,,,21346577944.412148,21346.577944412147
2018-04-26,,,21346577944.412148,21346.577944412147
2018-04-27,-248998.86336206432,-0.2489988633620643,16031055300.72045,16031.055300720449
2018-05-02,,,16031055300.72045,16031.055300720449
2018-05-03,,,16031055300.72045,16031.055300720449
2018-05-04,,,16031055300.72045,16031.055300720449
2018-05-16,904605.1982567552,0.9046051982567552,30533735864.491932,30533.735864491933
2018-05-17,,,30533735864.491932,30533.735864491933
2018-05-18,,,30533735864.491932,30533.735864491933
2018-05-23,,,30533735864.491932,30533.735864491933
2018-05-24,,,30533735864.491932,30533.735864491933
2018-05-25,,,30533735864.491932,30533.735864491933
2018-05-30,,,30533735864.491932,30533.735864491933
2018-05-31,,,30533735864.491932,30533.735864491933
2018-06-01,,,30533735864.491932,30533.735864491933
2018-06-13,,,30533735864.491932,30533.735864491933
2018-06-14,,,30533735864.491932,30533.735864491933
2018-06-15,,,30533735864.491932,30533.735864491933
2018-06-27,,,30533735864.491932,30533.735864491933
2018-06-28,,,30533735864.491932,30533.735864491933
2018-06-29,,,30533735864.491932,30533.735864491933
2018-07-05,,,30533735864.491932,30533.735864491933
2018-07-06,-68007.99359747663,-0.06800799359747663,28457129743.318924,28457.129743318925
2018-07-18,,,28457129743.318924,28457.129743318925
2018-07-19,,,28457129743.318924,28457.129743318925
2018-07-20,,,28457129743.318924,28457.129743318925
2018-07-25,,,28457129743.318924,28457.129743318925
2018-07-26,,,28457129743.318924,28457.129743318925
2018-07-27,,,28457129743.318924,28457.129743318925
2018-08-01,,,28457129743.318924,28457.129743318925
2018-08-02,,,28457129743.318924,28457.129743318925
2018-08-03,,,28457129743.318924,28457.129743318925
2018-08-15,,,28457129743.318924,28457.129743318925
2018-08-16,,,28457129743.318924,28457.129743318925
2018-08-17,,,28457129743.318924,28457.129743318925
2018-08-29,,,28457129743.318924,28457.129743318925
2018-08-30,,,28457129743.318924,28457.129743318925
2018-08-31,,,28457129743.318924,28457.129743318925
2018-09-05,,,28457129743.318924,28457.129743318925
2018-09-06,,,28457129743.318924,28457.129743318925
2018-09-07,,,28457129743.318924,28457.129743318925
2018-09-26,,,28457129743.318924,28457.129743318925
2018-09-27,,,28457129743.318924,28457.129743318925
2018-09-28,,,28457129743.318924,28457.129743318925
2018-10-03,,,28457129743.318924,28457.129743318925
2018-10-04,,,28457129743.318924,28457.129743318925
2018-10-05,,,28457129743.318924,28457.129743318925
2018-10-17,1231473.0516272495,1.2314730516272494,63502549621.92808,63502.549621928076
2018-10-18,,,63502549621.92808,63502.549621928076
2018-10-19,,,63502549621.92808,63502.549621928076
2018-10-24,,,63502549621.92808,63502.549621928076
2018-10-25,,,63502549621.92808,63502.549621928076
2018-10-26,87751.85691963689,0.0877518569196369,69075104022.24057,69075.10402224057
2018-10-31,,,69075104022.24057,69075.10402224057
2018-11-01,,,69075104022.24057,69075.10402224057
2018-11-02,,,69075104022.24057,69075.10402224057
2018-11-14,-249951.40131740834,-0.24995140131740834,51809435024.33447,51809.435024334474
2018-11-15,,,51809435024.33447,51809.435024334474
2018-11-16,,,51809435024.33447,51809.435024334474
2018-11-28,-249208.0329950559,-0.2492080329950559,38897858423.301926,38897.85842330193
2018-11-29,,,38897858423.301926,38897.85842330193
2018-11-30,,,38897858423.301926,38897.85842330193
2018-12-06,,,38897858423.301926,38897.85842330193
2018-12-07,770381.380825795,0.770381380825795,68864814687.99237,68864.81468799237
2018-12-19,,,68864814687.99237,68864.81468799237
2018-12-20,,,68864814687.99237,68864.81468799237
2018-12-21,,,68864814687.99237,68864.81468799237
2018-12-26,,,68864814687.99237,68864.81468799237
2018-12-27,,,68864814687.99237,68864.81468799237
2018-12-28,-249697.05873828608,-0.24969705873828607,51669223312.78481,51669.223312784816
2019-01-02,,,51669223312.78481,51669.223312784816
2019-01-03,,,51669223312.78481,51669.223312784816
2019-01-04,,,51669223312.78481,51669.223312784816
2019-01-16,1322722.5769781158,1.322722576978116,120014594246.10625,120014.59424610625
2019-01-17,,,120014594246.10625,120014.59424610625
2019-01-18,,,120014594246.10625,120014.59424610625
2019-01-23,,,120014594246.10625,120014.59424610625
2019-01-24,,,120014594246.10625,120014.59424610625
2019-01-25,,,120014594246.10625,120014.59424610625
2019-01-30,,,120014594246.10625,120014.59424610625
2019-01-31,,,120014594246.10625,120014.59424610625
2019-02-01,,,120014594246.10625,120014.59424610625
2019-02-13,,,120014594246.10625,120014.59424610625
2019-02-14,,,120014594246.10625,120014.59424610625
2019-02-15,,,120014594246.10625,120014.59424610625
2019-02-20,,,120014594246.10625,120014.59424610625
2019-02-21,,,120014594246.10625,120014.59424610625
2019-02-22,,,120014594246.10625,120014.59424610625
2019-02-27,,,120014594246.10625,120014.59424610625
2019-02-28,,,120014594246.10625,120014.59424610625
2019-03-01,,,120014594246.10625,120014.59424610625
2019-03-13,,,120014594246.10625,120014.59424610625
2019-03-14,,,120014594246.10625,120014.59424610625
2019-03-15,,,120014594246.10625,120014.59424610625
2019-03-27,,,120014594246.10625,120014.59424610625
2019-03-28,,,120014594246.10625,120014.59424610625
2019-03-29,,,120014594246.10625,120014.59424610625
2019-04-03,,,120014594246.10625,120014.59424610625
2019-04-04,,,120014594246.10625,120014.59424610625
2019-04-05,,,120014594246.10625,120014.59424610625
2019-04-17,713706.5285788311,0.7137065285788311,205670507390.82028,205670.50739082028
2019-04-18,,,205670507390.82028,205670.50739082028
2019-04-24,,,205670507390.82028,205670.50739082028
2019-04-25,,,205670507390.82028,205670.50739082028
2019-04-26,,,205670507390.82028,205670.50739082028
2019-05-01,,,205670507390.82028,205670.50739082028
2019-05-02,,,205670507390.82028,205670.50739082028
2019-05-03,,,205670507390.82028,205670.50739082028
2019-05-15,,,205670507390.82028,205670.50739082028
2019-05-16,,,205670507390.82028,205670.50739082028
2019-05-17,,,205670507390.82028,205670.50739082028
2019-05-29,,,205670507390.82028,205670.50739082028
2019-05-30,,,205670507390.82028,205670.50739082028
2019-05-31,,,205670507390.82028,205670.50739082028
2019-06-05,,,205670507390.82028,205670.50739082028
2019-06-06,,,205670507390.82028,205670.50739082028
2019-06-07,742834.5593047227,0.7428345593047228,358450410945.0183,358450.4109450183
2019-06-26,,,358450410945.0183,358450.4109450183
2019-06-27,,,358450410945.0183,358450.4109450183
2019-06-28,,,358450410945.0183,358450.4109450183
2019-07-03,,,358450410945.0183,358450.4109450183
2019-07-05,,,358450410945.0183,358450.4109450183
2019-07-17,,,358450410945.0183,358450.4109450183
2019-07-18,,,358450410945.0183,358450.4109450183
2019-07-19,,,358450410945.0183,358450.4109450183
2019-07-24,,,358450410945.0183,358450.4109450183
2019-07-25,,,358450410945.0183,358450.4109450183
2019-07-26,,,358450410945.0183,358450.4109450183
2019-07-31,,,358450410945.0183,358450.4109450183
2019-08-01,,,358450410945.0183,358450.4109450183
2019-08-02,,,358450410945.0183,358450.4109450183
2019-08-14,,,358450410945.0183,358450.4109450183
2019-08-15,,,358450410945.0183,358450.4109450183
2019-08-16,,,358450410945.0183,358450.4109450183
2019-08-28,-249733.60478595636,-0.24973360478595635,268933047949.10666,268933.04794910667
2019-08-29,,,268933047949.10666,268933.04794910667
2019-08-30,,,268933047949.10666,268933.04794910667
2019-09-04,,,268933047949.10666,268933.04794910667
2019-09-05,,,268933047949.10666,268933.04794910667
2019-09-06,,,268933047949.10666,268933.04794910667
2019-09-18,262071.6029953158,0.2620716029953158,339413024995.1482,339413.0249951482
2019-09-19,,,339413024995.1482,339413.0249951482
2019-09-20,,,339413024995.1482,339413.0249951482
2019-09-25,,,339413024995.1482,339413.0249951482
2019-09-26,,,339413024995.1482,339413.0249951482
2019-09-27,,,339413024995.1482,339413.0249951482
2019-10-02,,,339413024995.1482,339413.0249951482
2019-10-03,,,339413024995.1482,339413.0249951482
2019-10-04,,,339413024995.1482,339413.0249951482
2019-10-16,261545.89358253783,0.2615458935825378,428185369456.9501,428185.36945695005
2019-10-17,,,428185369456.9501,428185.36945695005
2019-10-18,,,428185369456.9501,428185.36945695005
2019-10-23,,,428185369456.9501,428185.36945695005
2019-10-24,,,428185369456.9501,428185.36945695005
2019-10-25,330276.09338736057,0.3302760933873606,569605090802.9086,569605.0908029085
2019-10-30,,,569605090802.9086,569605.0908029085
2019-10-31,,,569605090802.9086,569605.0908029085
2019-11-01,,,569605090802.9086,569605.0908029085
2019-11-13,-249664.07783441935,-0.24966407783441935,427394911413.7318,427394.9114137318
2019-11-14,,,427394911413.7318,427394.9114137318
2019-11-15,,,427394911413.7318,427394.9114137318
2019-11-27,-172961.4185620481,-0.17296141856204808,353471908287.99335,353471.90828799334
2019-11-29,,,353471908287.99335,353471.90828799334
2019-12-04,,,353471908287.99335,353471.90828799334
2019-12-05,,,353471908287.99335,353471.90828799334
2019-12-06,,,353471908287.99335,353471.90828799334
2019-12-18,,,353471908287.99335,353471.90828799334
2019-12-19,,,353471908287.99335,353471.90828799334
2019-12-20,,,353471908287.99335,353471.90828799334
2019-12-26,-249267.79285144995,-0.24926779285144995,265362496606.26224,265362.4966062622
2019-12-27,,,265362496606.26224,265362.4966062622
2020-01-02,,,265362496606.26224,265362.4966062622
2020-01-03,,,265362496606.26224,265362.4966062622
2020-01-15,,,265362496606.26224,265362.4966062622
2020-01-16,-249235.1116573081,-0.2492351116573081,199224595899.82672,199224.59589982673
2020-01-17,,,199224595899.82672,199224.59589982673
2020-01-29,-249704.80755655555,-0.24970480755655555,149477006815.3204,149477.0068153204
2020-01-30,,,149477006815.3204,149477.0068153204
2020-01-31,,,149477006815.3204,149477.0068153204
2020-02-05,,,149477006815.3204,149477.0068153204
2020-02-06,,,149477006815.3204,149477.0068153204
2020-02-07,42634.72808860912,0.04263472808860912,155849960991.11884,155849.96099111883
2020-02-26,,,155849960991.11884,155849.96099111883
2020-02-27,,,155849960991.11884,155849.96099111883
2020-02-28,,,155849960991.11884,155849.96099111883
2020-03-04,,,155849960991.11884,155849.96099111883
2020-03-05,,,155849960991.11884,155849.96099111883
2020-03-06,510666.20243415685,0.5106662024341568,235437779386.1674,235437.77938616739
2020-03-18,,,235437779386.1674,235437.77938616739
2020-03-19,,,235437779386.1674,235437.77938616739
2020-03-20,,,235437779386.1674,235437.77938616739
2020-03-25,-248870.48352051195,-0.24887048352051194,176844016520.85275,176844.01652085275
2020-03-26,,,176844016520.85275,176844.01652085275
2020-03-27,,,176844016520.85275,176844.01652085275
2020-04-15,337771.6971914076,0.3377716971914076,236577257890.94366,236577.25789094367
2020-04-16,,,236577257890.94366,236577.25789094367
2020-04-17,,,236577257890.94366,236577.25789094367
2020-04-22,,,236577257890.94366,236577.25789094367
2020-04-23,,,236577257890.94366,236577.25789094367
2020-04-24,,,236577257890.94366,236577.25789094367
2020-04-29,,,236577257890.94366,236577.25789094367
2020-04-30,,,236577257890.94366,236577.25789094367
2020-05-01,-239237.69615144935,-0.23923769615144935,179978820513.59088,179978.82051359088
2020-05-13,,,179978820513.59088,179978.82051359088
2020-05-14,,,179978820513.59088,179978.82051359088
2020-05-15,,,179978820513.59088,179978.82051359088
2020-05-27,596779.943991281,0.596779943991281,287387167719.2524,287387.1677192524
2020-05-28,,,287387167719.2524,287387.1677192524
2020-05-29,,,287387167719.2524,287387.1677192524
2020-06-03,,,287387167719.2524,287387.1677192524
2020-06-04,,,287387167719.2524,287387.1677192524
2020-06-05,,,287387167719.2524,287387.1677192524
2020-06-17,,,287387167719.2524,287387.1677192524
2020-06-18,,,287387167719.2524,287387.1677192524
2020-06-19,,,287387167719.2524,287387.1677192524
2020-07-01,,,287387167719.2524,287387.1677192524
2020-07-02,,,287387167719.2524,287387.1677192524
2020-07-15,,,287387167719.2524,287387.1677192524
2020-07-16,,,287387167719.2524,287387.1677192524
2020-07-17,,,287387167719.2524,287387.1677192524
2020-07-29,,,287387167719.2524,287387.1677192524
2020-07-30,,,287387167719.2524,287387.1677192524
2020-07-31,,,287387167719.2524,287387.1677192524
2020-08-05,,,287387167719.2524,287387.1677192524
2020-08-06,,,287387167719.2524,287387.1677192524
2020-08-07,,,287387167719.2524,287387.1677192524
2020-08-19,,,287387167719.2524,287387.1677192524
2020-08-20,,,287387167719.2524,287387.1677192524
2020-08-21,,,287387167719.2524,287387.1677192524
2020-08-26,,,287387167719.2524,287387.1677192524
2020-08-27,,,287387167719.2524,287387.1677192524
2020-08-28,,,287387167719.2524,287387.1677192524
2020-09-02,,,287387167719.2524,287387.1677192524
2020-09-03,,,287387167719.2524,287387.1677192524
2020-09-04,,,287387167719.2524,287387.1677192524
2020-09-16,-247665.30512558698,-0.247665305125587,216211089471.58038,216211.08947158037
2020-09-17,,,216211089471.58038,216211.08947158037
2020-09-18,,,216211089471.58038,216211.08947158037
2020-09-23,,,216211089471.58038,216211.08947158037
2020-09-24,,,216211089471.58038,216211.08947158037
2020-09-25,,,216211089471.58038,216211.08947158037
2020-09-30,,,216211089471.58038,216211.08947158037
2020-10-01,,,216211089471.58038,216211.08947158037
2020-10-02,,,216211089471.58038,216211.08947158037
2020-10-14,,,216211089471.58038,216211.08947158037
2020-10-15,,,216211089471.58038,216211.08947158037
2020-10-16,,,216211089471.58038,216211.08947158037
2020-10-28,,,216211089471.58038,216211.08947158037
2020-10-29,,,216211089471.58038,216211.08947158037
2020-10-30,,,216211089471.58038,216211.08947158037
2020-11-04,,,216211089471.58038,216211.08947158037
2020-11-05,,,216211089471.58038,216211.08947158037
2020-11-06,144598.49668176443,0.14459849668176444,247475032573.59406,247475.03257359404
2020-11-18,,,247475032573.59406,247475.03257359404
2020-11-19,,,247475032573.59406,247475.03257359404
2020-11-20,,,247475032573.59406,247475.03257359404
2020-11-25,,,247475032573.59406,247475.03257359404
2020-11-27,,,247475032573.59406,247475.03257359404
2020-12-02,,,247475032573.59406,247475.03257359404
2020-12-03,,,247475032573.59406,247475.03257359404
2020-12-04,,,247475032573.59406,247475.03257359404
2020-12-30,,,247475032573.59406,247475.03257359404
2020-12-31,,,247475032573.59406,247475.03257359404
2021-01-13,,,247475032573.59406,247475.03257359404
2021-01-14,,,247475032573.59406,247475.03257359404
2021-01-15,,,247475032573.59406,247475.03257359404
2021-01-27,,,247475032573.59406,247475.03257359404
2021-01-28,,,247475032573.59406,247475.03257359404
2021-01-29,,,247475032573.59406,247475.03257359404
2021-02-03,,,247475032573.59406,247475.03257359404
2021-02-04,,,247475032573.59406,247475.03257359404
2021-02-05,-173140.01149314918,-0.17314001149314917,204627029449.523,204627.02944952302
2021-02-24,,,204627029449.523,204627.02944952302
2021-02-25,,,204627029449.523,204627.02944952302
2021-02-26,,,204627029449.523,204627.02944952302
2021-03-03,,,204627029449.523,204627.02944952302
2021-03-04,,,204627029449.523,204627.02944952302
2021-03-05,,,204627029449.523,204627.02944952302
2021-03-17,,,204627029449.523,204627.02944952302
2021-03-18,,,204627029449.523,204627.02944952302
2021-03-19,,,204627029449.523,204627.02944952302
2021-03-31,,,204627029449.523,204627.02944952302
2021-04-01,-249298.821493205,-0.249298821493205,153613502863.28006,153613.50286328007
2021-04-14,,,153613502863.28006,153613.50286328007
2021-04-15,-249908.44517756123,-0.24990844517756122,115223941295.99371,115223.94129599372
2021-04-16,,,115223941295.99371,115223.94129599372
2021-04-28,946073.66307338,0.94607366307338,224235223585.30966,224235.22358530966
2021-04-29,,,224235223585.30966,224235.22358530966
2021-04-30,,,224235223585.30966,224235.22358530966
2021-05-05,,,224235223585.30966,224235.22358530966
2021-05-06,,,224235223585.30966,224235.22358530966
2021-05-07,76995.41451528056,0.07699541451528055,241500384569.60168,241500.38456960168
2021-05-26,,,241500384569.60168,241500.38456960168
2021-05-27,,,241500384569.60168,241500.38456960168
2021-05-28,,,241500384569.60168,241500.38456960168
2021-06-02,,,241500384569.60168,241500.38456960168
2021-06-03,,,241500384569.60168,241500.38456960168
2021-06-04,498420.64935157535,0.4984206493515754,361869661486.0871,361869.6614860871
2021-06-16,,,361869661486.0871,361869.6614860871
2021-06-17,,,361869661486.0871,361869.6614860871
2021-06-18,,,361869661486.0871,361869.6614860871
2021-06-23,,,361869661486.0871,361869.6614860871
2021-06-24,,,361869661486.0871,361869.6614860871
2021-06-25,,,361869661486.0871,361869.6614860871
2021-06-30,,,361869661486.0871,361869.6614860871
2021-07-01,,,361869661486.0871,361869.6614860871
2021-07-02,-249964.67476583718,-0.24996467476583717,271414779280.41895,271414.77928041894
2021-07-14,,,271414779280.41895,271414.77928041894
2021-07-15,,,271414779280.41895,271414.77928041894
2021-07-16,,,271414779280.41895,271414.77928041894
2021-07-28,,,271414779280.41895,271414.77928041894
2021-07-29,,,271414779280.41895,271414.77928041894
2021-07-30,,,271414779280.41895,271414.77928041894
2021-08-04,,,271414779280.41895,271414.77928041894
2021-08-05,,,271414779280.41895,271414.77928041894
2021-08-06,,,271414779280.41895,271414.77928041894
2021-08-18,121802.43592655167,0.12180243592655167,304473882345.6773,304473.8823456773
2021-08-19,,,304473882345.6773,304473.8823456773
2021-08-20,,,304473882345.6773,304473.8823456773
2021-08-25,,,304473882345.6773,304473.8823456773
2021-08-26,,,304473882345.6773,304473.8823456773
2021-08-27,,,304473882345.6773,304473.8823456773
2021-09-01,,,304473882345.6773,304473.8823456773
2021-09-02,,,304473882345.6773,304473.8823456773
2021-09-03,365029.40967907076,0.36502940967907077,415616168910.4244,415616.1689104244
2021-09-15,,,415616168910.4244,415616.1689104244
2021-09-16,,,415616168910.4244,415616.1689104244
2021-09-17,,,415616168910.4244,415616.1689104244
2021-09-22,,,415616168910.4244,415616.1689104244
2021-09-23,,,415616168910.4244,415616.1689104244
2021-09-24,,,415616168910.4244,415616.1689104244
2021-09-29,,,415616168910.4244,415616.1689104244
2021-09-30,,,415616168910.4244,415616.1689104244
2021-10-01,,,415616168910.4244,415616.1689104244
2021-10-13,,,415616168910.4244,415616.1689104244
2021-10-14,,,415616168910.4244,415616.1689104244
2021-10-15,,,415616168910.4244,415616.1689104244
2021-10-27,,,415616168910.4244,415616.1689104244
2021-10-28,,,415616168910.4244,415616.1689104244
2021-10-29,,,415616168910.4244,415616.1689104244
2021-11-03,,,415616168910.4244,415616.1689104244
2021-11-04,,,415616168910.4244,415616.1689104244
2021-11-05,,,415616168910.4244,415616.1689104244
2021-11-17,,,415616168910.4244,415616.1689104244
2021-11-18,,,415616168910.4244,415616.1689104244
2021-11-19,,,415616168910.4244,415616.1689104244
2021-11-24,,,415616168910.4244,415616.1689104244
2021-11-26,,,415616168910.4244,415616.1689104244
2021-12-01,,,415616168910.4244,415616.1689104244
2021-12-02,,,415616168910.4244,415616.1689104244
2021-12-03,-247837.41594394506,-0.24783741594394507,312610683745.7267,312610.6837457267
2021-12-29,,,312610683745.7267,312610.6837457267
2021-12-30,,,312610683745.7267,312610.6837457267
2021-12-31,,,312610683745.7267,312610.6837457267
2022-01-05,,,312610683745.7267,312610.6837457267
2022-01-06,,,312610683745.7267,312610.6837457267
2022-01-07,,,312610683745.7267,312610.6837457267
2022-01-19,,,312610683745.7267,312610.6837457267
2022-01-20,,,312610683745.7267,312610.6837457267
2022-01-21,,,312610683745.7267,312610.6837457267
2022-01-26,,,312610683745.7267,312610.6837457267
2022-01-27,,,312610683745.7267,312610.6837457267
2022-01-28,329411.7782870548,0.3294117782870548,415588654401.7169,415588.6544017169
2022-02-02,,,415588654401.7169,415588.6544017169
2022-02-03,,,415588654401.7169,415588.6544017169
2022-02-04,,,415588654401.7169,415588.6544017169
2022-02-16,-248624.90676790144,-0.24862490676790144,312262715322.3857,312262.71532238566
2022-02-17,,,312262715322.3857,312262.71532238566
2022-02-18,,,312262715322.3857,312262.71532238566
2022-02-23,,,312262715322.3857,312262.71532238566
2022-02-24,,,312262715322.3857,312262.71532238566
2022-02-25,-249614.49403603398,-0.24961449403603397,234317166016.3762,234317.1660163762
2022-03-02,,,234317166016.3762,234317.1660163762
2022-03-03,,,234317166016.3762,234317.1660163762
2022-03-04,,,234317166016.3762,234317.1660163762
2022-03-16,-248483.70815422788,-0.24848370815422788,176092919236.72903,176092.91923672904
2022-03-17,,,176092919236.72903,176092.91923672904
2022-03-18,,,176092919236.72903,176092.91923672904
2022-03-23,,,176092919236.72903,176092.91923672904
2022-03-24,,,176092919236.72903,176092.91923672904
2022-03-25,,,176092919236.72903,176092.91923672904
2022-03-30,,,176092919236.72903,176092.91923672904
2022-03-31,,,176092919236.72903,176092.91923672904
2022-04-01,,,176092919236.72903,176092.91923672904
2022-04-13,,,176092919236.72903,176092.91923672904
2022-04-14,,,176092919236.72903,176092.91923672904
2022-04-27,,,176092919236.72903,176092.91923672904
2022-04-28,,,176092919236.72903,176092.91923672904
2022-04-29,,,176092919236.72903,176092.91923672904
2022-05-04,,,176092919236.72903,176092.91923672904
2022-05-05,-248654.0376484415,-0.2486540376484415,132306455213.17781,132306.4552131778
2022-05-06,,,132306455213.17781,132306.4552131778
2022-05-18,476596.60784946673,0.4765966078494667,195363739560.9736,195363.7395609736
2022-05-19,,,195363739560.9736,195363.7395609736
2022-05-20,,,195363739560.9736,195363.7395609736
2022-05-25,,,195363739560.9736,195363.7395609736
2022-05-26,,,195363739560.9736,195363.7395609736
2022-05-27,544084.6948565268,0.5440846948565268,301658704270.7307,301658.7042707307
2022-06-01,,,301658704270.7307,301658.7042707307
2022-06-02,,,301658704270.7307,301658.7042707307
2022-06-03,,,301658704270.7307,301658.7042707307
2022-06-15,,,301658704270.7307,301658.7042707307
2022-06-16,,,301658704270.7307,301658.7042707307
2022-06-17,,,301658704270.7307,301658.7042707307
2022-06-22,,,301658704270.7307,301658.7042707307
2022-06-23,,,301658704270.7307,301658.7042707307
2022-06-24,297704.0554837045,0.2977040554837045,391464021608.1422,391464.02160814224
2022-06-29,,,391464021608.1422,391464.02160814224
2022-06-30,,,391464021608.1422,391464.02160814224
2022-07-01,,,391464021608.1422,391464.02160814224
2022-07-13,,,391464021608.1422,391464.02160814224
2022-07-14,,,391464021608.1422,391464.02160814224
2022-07-15,,,391464021608.1422,391464.02160814224
2022-07-27,885238.3435607024,0.8852383435607024,738003868898.4885,738003.8688984886
2022-07-28,,,738003868898.4885,738003.8688984886
2022-07-29,,,738003868898.4885,738003.8688984886
2022-08-03,,,738003868898.4885,738003.8688984886
2022-08-04,,,738003868898.4885,738003.8688984886
2022-08-05,,,738003868898.4885,738003.8688984886
2022-08-17,,,738003868898.4885,738003.8688984886
2022-08-18,,,738003868898.4885,738003.8688984886
2022-08-19,,,738003868898.4885,738003.8688984886
2022-08-24,,,738003868898.4885,738003.8688984886
2022-08-25,,,738003868898.4885,738003.8688984886
2022-08-26,,,738003868898.4885,738003.8688984886
2022-08-31,,,738003868898.4885,738003.8688984886
2022-09-01,,,738003868898.4885,738003.8688984886
2022-09-02,,,738003868898.4885,738003.8688984886
2022-09-14,,,738003868898.4885,738003.8688984886
2022-09-15,,,738003868898.4885,738003.8688984886
2022-09-16,,,738003868898.4885,738003.8688984886
2022-09-28,505328.79425713717,0.5053287942571372,1110938979454.8584,1110938.9794548585
2022-09-29,,,1110938979454.8584,1110938.9794548585
2022-09-30,,,1110938979454.8584,1110938.9794548585
2022-10-05,,,1110938979454.8584,1110938.9794548585
2022-10-06,,,1110938979454.8584,1110938.9794548585
2022-10-07,-246954.5597838204,-0.24695455978382042,836587285882.3374,836587.2858823374
2022-10-19,,,836587285882.3374,836587.2858823374
2022-10-20,,,836587285882.3374,836587.2858823374
2022-10-21,,,836587285882.3374,836587.2858823374
2022-10-26,,,836587285882.3374,836587.2858823374
2022-10-27,,,836587285882.3374,836587.2858823374
2022-10-28,,,836587285882.3374,836587.2858823374
2022-11-02,,,836587285882.3374,836587.2858823374
2022-11-03,,,836587285882.3374,836587.2858823374
2022-11-04,-249747.0525600243,-0.2497470525600243,627651827276.9806,627651.8272769806
2022-11-16,,,627651827276.9806,627651.8272769806
2022-11-17,,,627651827276.9806,627651.8272769806
2022-11-18,,,627651827276.9806,627651.8272769806
2022-11-23,,,627651827276.9806,627651.8272769806
2022-11-25,225495.93100215265,0.22549593100215265,769184985909.9368,769184.9859099367
2022-11-30,,,769184985909.9368,769184.9859099367
2022-12-01,,,769184985909.9368,769184.9859099367
2022-12-02,,,769184985909.9368,769184.9859099367
2022-12-14,-43901.52569499239,-0.043901525694992394,735416547585.2836,735416.5475852835
2022-12-15,,,735416547585.2836,735416.5475852835
2022-12-16,,,735416547585.2836,735416.5475852835
2022-12-28,,,735416547585.2836,735416.5475852835
2022-12-29,,,735416547585.2836,735416.5475852835
2022-12-30,,,735416547585.2836,735416.5475852835
2023-01-04,,,735416547585.2836,735416.5475852835
2023-01-05,,,735416547585.2836,735416.5475852835
2023-01-06,,,735416547585.2836,735416.5475852835
2023-01-18,,,735416547585.2836,735416.5475852835
2023-01-19,,,735416547585.2836,735416.5475852835
2023-01-20,,,735416547585.2836,735416.5475852835
2023-01-25,-249186.87802439975,-0.24918687802439973,552160144858.1464,552160.1448581463
2023-01-26,,,552160144858.1464,552160.1448581463
2023-01-27,,,552160144858.1464,552160.1448581463
2023-02-01,,,552160144858.1464,552160.1448581463
2023-02-02,,,552160144858.1464,552160.1448581463
2023-02-03,,,552160144858.1464,552160.1448581463
2023-02-15,,,552160144858.1464,552160.1448581463
2023-02-16,-249882.0395625388,-0.2498820395625388,414184991813.8063,414184.9918138063
2023-02-17,,,414184991813.8063,414184.9918138063
2023-02-22,-249753.1163923701,-0.2497531163923701,310740749592.24347,310740.74959224346
2023-02-23,,,310740749592.24347,310740.74959224346
2023-02-24,,,310740749592.24347,310740.74959224346
